{
  "train": {
    "auc": 0.894116537990648,
    "logloss": 0.37750030187108796,
    "brier": 0.12203874228212075,
    "n": 2986
  },
  "val": {
    "auc": null,
    "logloss": null,
    "brier": null,
    "n": 0
  },
  "test": {
    "auc": 0.6205654675473452,
    "logloss": 1.799459551623639,
    "brier": 0.27061893351762395,
    "n": 3076
  },
  "config": {
    "train_end_year": 2021,
    "val_end_year": 2023,
    "n_features": 38,
    "model_type": "gradient_boosting",
    "calibration_method": "isotonic"
  }
}